,temperature,wind_speed,precipitation,moon_illumination,total_points
temperature,1.0,-0.11840003926904,-0.049996776600634764,0.03925200893821074,0.4228115332932204
wind_speed,-0.11840003926904,1.0,0.1601973155233422,-0.12249795961025078,0.14837892403805442
precipitation,-0.049996776600634764,0.1601973155233422,1.0,-0.06807766428833578,-0.00866353203066999
moon_illumination,0.03925200893821074,-0.12249795961025078,-0.06807766428833578,1.0,0.24691983817068067
total_points,0.4228115332932204,0.14837892403805442,-0.00866353203066999,0.24691983817068067,1.0
