,temperature,wind_speed,precipitation,moon_illumination,total_points,attendance
temperature,1.0,-0.11901401208362823,0.02496840649888084,0.0957100412636062,0.10647800412249514,0.10069476971895831
wind_speed,-0.11901401208362823,1.0,0.04611808042015173,0.17444220911215574,0.040565586022084855,-0.04255080403267054
precipitation,0.02496840649888084,0.04611808042015173,1.0,0.185204460209503,0.07664331824352343,0.053784227222040286
moon_illumination,0.0957100412636062,0.17444220911215574,0.185204460209503,1.0,-0.0361118066708041,0.015714117189528844
total_points,0.10647800412249514,0.040565586022084855,0.07664331824352343,-0.0361118066708041,1.0,-0.10588287003217464
attendance,0.10069476971895831,-0.04255080403267054,0.053784227222040286,0.015714117189528844,-0.10588287003217464,1.0
