temp_bin,count,avg_total_points,avg_home_points,avg_away_points,std_total_points
<40,5,42.8,25.2,17.6,18.498648599289627
40-59,33,51.09090909090909,29.242424242424242,21.848484848484848,13.179917574580173
60-79,60,52.61666666666667,32.3,20.316666666666666,14.970130335434192
80+,43,51.627906976744185,31.627906976744185,20.0,15.14850810792609
