temp_bin,count,avg_total_points,avg_home_points,avg_away_points,std_total_points
<40,0,,,,
40-59,8,41.375,22.625,18.75,5.926634795564849
60-79,15,53.13333333333333,35.2,17.933333333333334,12.805504768690394
80+,16,52.125,36.25,15.875,8.015609770940697
