wind_bin,precip_flag,count,avg_total_points
0-5,False,48,52.208333333333336
0-5,True,1,32.0
6-15,False,73,51.04109589041096
6-15,True,11,50.27272727272727
16+,False,7,56.285714285714285
16+,True,1,66.0
