moon_bin,count,avg_total_points
0-0.25,38,46.81578947368421
0.25-0.5,0,
0.5-0.75,13,55.61538461538461
0.75-1.0,16,53.5
